Customer_ID,Account_Name,Account_Status,Balance,ATM_Card_Number,Risk_Ratings
1241,Nancy Campbell,Inactive,7070141.69,29394641****0472,Medium
1158,Sean Curtis,Inactive,4434883.33,33905178****5534,Low
1377,Michael Black,Active,6275201.65,15092345****8343,Medium
7736,Tony Atkins,Inactive,1626574.59,84843552****8492,Medium
9539,Erika Hutchinson,Inactive,7752954.91,75131498****9181,High
4054,Thomas Leonard,Inactive,8513843.46,31691799****2838,High
9599,Shane Maddox,Dormant,4486514.23,86889824****7400,Low
6076,Anna Sharp,Active,2038428.82,66627757****3484,High
2272,Donna Chen,Dormant,1740533.25,33340038****2156,Low
8273,Erika Luna,Inactive,7982627.96,79639241****2246,High
5709,Emily Clark,Active,574789.45,95747303****0090,Low
2513,Jason Hayes,Dormant,5327349.33,55106751****9673,Medium
1260,Patricia Dorsey,Inactive,6183222.07,94989888****0232,Low
9526,John Charles,Inactive,5397550.51,49893774****8408,High
6231,Michael Carson,Dormant,5077340.52,60156733****7776,High
3780,Kristina Anderson,Inactive,8885902.71,75682166****1715,Low
8349,Steven Robertson,Dormant,1621749.64,31208458****1937,High
4225,Samuel Stephens,Active,2019652.84,73891537****0531,Medium
3064,Tony Hart,Dormant,9891506.76,41193615****3723,Low
9776,Catherine Whitehead,Active,7453224.57,21803687****8198,Medium
4310,Alexis Mejia,Active,2334659.9,73549878****0642,Low
2979,Anthony Moore,Inactive,4314737.75,10742227****8845,Medium
6821,Rebecca Reid,Active,5512907.33,80655604****9169,High
9948,Kevin Hartman,Active,57251.87,74274648****2003,Low
4926,Stephen Norton,Dormant,7637339.4,65935491****4292,High
3205,Kathleen Diaz,Inactive,747348.98,67578111****1222,Medium
4545,David Fisher,Dormant,2822492.59,18820368****2850,Low
5260,Amanda Pierce,Dormant,9587095.75,46090466****8400,Low
6646,Jonathan Espinoza,Inactive,1908097.06,88620924****9207,High
3021,Jennifer Morris,Dormant,7693142.56,55885935****0896,Medium
8413,Austin Harper,Inactive,9299524.55,13960631****8368,Low
9712,Eric Montgomery,Active,4731904.91,43237177****0388,High
5339,Vanessa Thompson,Dormant,4886567.94,65173348****8032,High
6940,Chad Butler,Dormant,5897064.6,67745212****0511,High
9642,Thomas Atkinson,Inactive,9890166.21,33800927****8464,Medium
7985,Roger Leonard,Active,8204178.22,39667755****5254,Low
8686,Mark Miller,Dormant,2998554.38,22783158****8975,Medium
1664,Angela Sanchez,Dormant,3534807.35,60676885****7901,Medium
3493,Lindsey Smith,Active,1610560.89,30510971****3750,High
8364,Tiffany Henderson,Dormant,8244009.96,91392361****3434,High
8961,Elizabeth Stanley,Dormant,3399557.37,21377109****5804,High
5289,Lisa Parker,Active,368817.99,38534228****6199,Medium
8935,Karen Wilson,Dormant,5841623.32,40656590****2874,High
5764,Ricky Baker,Active,2409694.34,38054227****5132,Medium
7509,Gregory Hernandez,Dormant,1626427.99,73812407****6609,High
9516,Jack Carroll,Inactive,3758519.63,17146883****2446,Medium
1219,Diane Howell,Active,9237360.62,17911300****6777,Low
3964,Anthony Howard,Inactive,4495970.26,56534498****6694,Medium
2690,Julie Haas,Dormant,7125645.98,13530052****7751,Medium
1678,Diana Rodriguez,Dormant,7712203.59,25260760****9158,Medium
4253,Sergio Cruz,Dormant,6000394.58,28292443****8138,Medium
9598,Jeffrey Mclean,Dormant,7446784.21,93915136****9236,Low
6575,John Fleming,Active,6437680.29,82904432****2913,Medium
8243,Linda Roberts,Inactive,6528663.03,22742092****8241,Medium
9746,Mary Lewis,Active,550181.03,70034440****8459,Low
2583,Charles Weber,Inactive,6734858.82,91416730****9582,Medium
3128,Christian Griffin,Inactive,8381310.08,41017643****1366,Low
8831,Robert Richmond,Active,6910278.67,37607507****0173,High
5463,Michael Barrett,Dormant,7692289.27,40609118****1514,Medium
7878,Henry Coleman,Inactive,4517947.89,72448212****8148,Low
4413,Jessica Cook,Dormant,7032663.06,78838960****9705,Medium
9275,Victoria Smith,Inactive,7145195.42,25824287****2196,High
5344,Katelyn Jordan,Active,607156.52,38566718****0996,Low
6196,Alejandro Strickland,Inactive,8832512.08,42682423****0300,High
2230,Ashley Nguyen,Active,5391443.59,99342029****8496,Medium
9501,Jessica Moore,Dormant,2272964.03,96138100****8474,Medium
2854,Richard Gonzalez,Dormant,838151.84,50147700****4153,Medium
1581,Michael Bradley,Dormant,4062816.71,35210895****1789,Medium
5142,Erin Johnson,Inactive,7366919.25,50758473****9919,High
9438,Derrick Davis,Active,1742988.15,25795484****7624,Low
1727,Hannah Lopez,Active,4543968.0,88904970****8300,Medium
1280,Arthur Taylor,Dormant,7105172.37,44565149****4620,Medium
2260,Lisa Moody,Dormant,4251110.49,34878168****9585,Low
7670,Jason Ellis,Active,301762.81,21941744****3218,Low
4732,Scott Kennedy,Dormant,6415542.29,75569517****2373,High
2065,Margaret Gutierrez,Dormant,660604.05,88373812****4941,Low
8895,Donald Smith,Inactive,5332026.84,18421169****1821,Low
4333,Christopher Taylor,Dormant,9779452.54,40204053****4142,Low
3127,Zachary Williams,Active,3478349.68,15197351****8503,High
9385,Kimberly Sutton,Inactive,3656035.68,12685735****9106,Medium
4831,Katie Rose,Dormant,1435560.2,18000287****0979,High
5828,Jacob Sullivan,Dormant,2803134.51,39412895****0400,Low
8595,Troy Hernandez,Inactive,9007617.45,72622928****8538,High
8416,Mark Collins,Active,2620448.05,79266664****3434,Medium
4474,Bianca Moore,Dormant,130646.82,17266993****5980,High
1154,Penny Barnes,Active,6427437.84,23100180****9682,Medium
2382,Yvette Allen,Inactive,665097.75,28764624****6614,High
4723,Todd Bradley,Inactive,3706700.39,76594918****4435,Medium
6159,Patricia Shaw,Active,4790838.14,94869822****3128,Medium
9715,George Prince,Active,1499225.2,92319913****0048,Low
7415,Angelica Stuart,Active,5827892.12,30563932****9222,Medium
8560,Cody Oliver,Dormant,5814192.89,12145114****0070,High
9600,Maria Turner,Dormant,9044771.9,83275472****3025,Low
7076,Julie Green,Dormant,5663839.53,64775168****5477,High
5186,Megan Strong,Dormant,3258836.64,96279671****6394,Low
3719,Victoria Clarke,Active,2705339.52,48485517****3998,High
8999,Andrew Evans,Dormant,7841544.81,78599679****1404,Medium
6168,Barry Schmidt,Active,4971892.83,83274484****7582,High
5279,David Huynh,Inactive,1062848.99,42687363****3238,Medium
1243,Mariah King MD,Active,4400556.25,74530820****4065,High
5976,Ashley Rios,Inactive,2659309.4,39822867****4332,Low
1713,Yolanda Morgan,Dormant,2269757.13,11866012****5904,Medium
1476,Shannon Barrett,Dormant,8130943.42,22246627****5132,High
2213,Lori Gomez,Active,7344048.01,15039539****2339,Medium
1297,Amanda Travis,Inactive,937987.0,44168789****7130,High
1653,Trevor Ortega,Dormant,5794438.73,52888231****6200,Low
6652,Patrick Henderson,Inactive,5258807.0,19848856****5142,High
7778,Curtis Knapp PhD,Active,9659791.72,29696748****2521,High
6909,Jennifer Warren,Dormant,5962847.35,30984748****9440,Medium
2638,Desiree Snyder,Dormant,1624055.58,76923605****1908,Medium
1465,Julian Morales,Inactive,93058.74,75005081****6458,Low
1958,Ethan Oconnor,Inactive,3529764.9,40530586****7420,High
7037,Sandra Miller,Active,8485280.9,51087258****4967,Medium
7481,Melissa Weaver,Dormant,4649473.74,89557108****0024,Medium
9226,Jason Miller,Active,4884680.55,62205915****5705,Medium
5230,Jennifer Kerr,Active,3186406.1,20751003****4062,High
7218,Madison Hall,Dormant,1798491.28,44434354****3836,High
1894,Amber Miller,Active,9211938.38,21803048****5663,Low
7196,Robert Little,Dormant,3199947.66,50885443****4792,Low
1872,Dr. Kenneth Larson MD,Active,1175626.82,14892562****1584,Low
6255,Bryan Lutz,Active,526752.39,15035821****9048,Medium
7775,Priscilla Robinson,Inactive,8238708.63,66088142****6472,Medium
5310,Jonathan Mendoza,Active,920598.66,98550285****4268,High
7454,Jennifer Duarte,Inactive,3415718.34,35738340****7988,Low
3789,Brandi Wilson,Dormant,1794083.93,84455478****1628,High
3101,Theresa Garcia,Active,784855.08,11293649****7142,Low
4738,Kristen Mueller,Dormant,574604.48,56925104****9072,Medium
4728,Jennifer Ferguson,Inactive,3149610.4,87694061****7685,Medium
5295,Mary Banks,Dormant,3615266.2,32252757****5836,High
3148,Stephen Lynch,Active,998703.5,86384422****6916,Medium
5243,Michaela Contreras,Inactive,1285884.56,97708522****9568,Medium
3823,Kara Smith,Dormant,1903447.55,78422365****7647,Low
1752,Shannon Hoffman MD,Inactive,623170.44,96150353****5104,Low
2233,Marvin Thomas,Dormant,4132251.39,57788299****0722,Low
9176,Maria Garcia,Dormant,3827889.86,71856099****4359,High
3533,Deborah Davis,Inactive,4010337.5,82267699****3723,High
7851,Grant Russell,Active,3325980.7,36085418****5447,Low
1064,Curtis Kirby,Inactive,7100618.57,47830243****8376,High
4921,Connie Simpson,Dormant,9264588.77,14986823****3423,Low
7160,Carolyn Holmes,Active,6489915.83,25107458****5558,Low
8437,Brittney Hart,Active,4654419.95,33955739****2210,Low
1169,Charles Stewart,Active,5837238.79,36182695****4970,Low
6926,Andrew Sanchez,Active,4842871.29,17504254****7230,Medium
1113,Rita Johnson,Active,9314724.18,59253843****3563,Low
1692,Susan Reyes,Inactive,4471084.37,78008082****8752,High
1833,Adam Harvey,Inactive,9805810.51,14679118****5334,Medium
7431,Julian Lewis,Inactive,3770997.98,73957113****6506,Low
8695,Lauren Hernandez,Dormant,5578636.06,73574862****1423,Medium
4117,Vincent Deleon,Active,3005587.53,14832584****0485,Low
9616,Marilyn Price,Active,8325684.88,99275787****8074,Low
4040,Cameron Crawford,Active,6982859.7,14254018****6232,Medium
5935,Bianca Glenn,Inactive,3141218.45,58405581****5560,High
1996,Debra Carroll,Active,7191983.58,85982994****6579,High
2770,Shannon Hunt,Inactive,3468716.53,27935014****9726,Low
3457,Chelsea George,Dormant,9529476.43,96112681****4764,Medium
5003,Roberto Lamb,Active,4702323.4,24486692****9077,High
3293,Judy Mcdonald,Dormant,1980562.23,11568350****3765,High
4172,Jamie Mills,Inactive,4170197.6,53709961****1590,Low
2132,John Dillon,Dormant,9542568.82,72720823****7144,Low
8630,Angela Becker,Dormant,5936894.15,31590295****5139,Medium
9791,Benjamin Hart,Dormant,3560189.3,59320936****7382,Low
7710,Jason Chaney,Dormant,6660668.02,84971609****4623,High
7521,Danielle Hamilton,Active,7947546.32,76462156****9706,Low
3990,John Rodriguez,Active,5380385.93,83263965****4843,High
7264,Michelle Brown,Active,8093666.27,87119563****6987,Low
9657,Ashley Carroll,Inactive,5092919.6,82899045****3799,Medium
2104,Robert Bailey,Dormant,4020507.95,31638362****3360,High
7363,Robert Kirby,Dormant,704285.17,87354247****2114,Medium
9092,Taylor Clark,Inactive,6047583.35,63196774****6295,Medium
7830,Roberto Torres,Active,2174116.21,62225907****5526,Medium
3302,Vincent Richardson,Dormant,7315465.02,56302793****6351,High
5160,Justin Wright,Active,5052441.16,70519996****4219,Low
6740,Crystal Barker,Active,577182.48,40215174****7076,Medium
2341,Donna Howard,Dormant,2024782.26,93809101****0226,High
2241,Dr. Austin Chang DDS,Dormant,7511677.59,47199190****4134,High
9732,Kim Reynolds,Inactive,8702202.7,47664853****4234,High
1190,Haley Wallace,Active,6710354.17,45827464****7737,High
9448,Brian Vargas,Active,6401889.96,59222952****4901,High
5998,Eileen Harris,Inactive,3897069.33,15531009****4659,Medium
6999,Jennifer Suarez,Active,7039216.98,82235592****1190,High
9635,Eric Carrillo,Active,5034919.38,73712997****6360,Low
4072,Felicia Smith,Dormant,9352464.7,76881943****9813,Low
1036,April Bryant,Inactive,180786.12,24441900****2456,Medium
7383,Anita Cantrell,Active,3329499.57,89403881****8499,High
1654,Christopher Smith,Dormant,284484.97,71320457****2800,Medium
7120,Samantha Shelton,Inactive,3474544.23,49013991****0318,High
2863,Jennifer English,Active,3373695.13,25597787****8267,Low
4289,Melissa Rogers,Inactive,6908359.7,95369639****4094,Low
3600,Lauren Marshall,Dormant,2356503.53,70402983****3849,Low
2597,Sierra Carroll,Inactive,9190426.06,54538978****0540,Low
8255,Hannah Chandler,Active,1577032.29,27586038****9694,High
4897,Mark Stevens,Dormant,7596765.34,85611006****4991,Low
7154,Juan Kelly,Dormant,873613.42,16774035****0992,Low
8533,David Mendoza,Dormant,1741066.84,27879631****7803,High
1601,Norma Cooper,Active,8143731.24,88871773****5051,High
4824,Karen Martinez,Inactive,4794329.32,82041333****1397,High
5516,Andrew Adams,Active,7250267.72,44439528****9230,High
9584,Kimberly Murphy,Active,2008963.86,74053912****4463,High
3628,Alexandra Moon,Active,7730157.64,17632595****4798,Medium
6669,Amy Atkins,Active,27851.4,42245417****4746,Low
1490,Brenda Perry,Inactive,6808242.49,31951763****0667,Low
6044,Omar Miller,Inactive,6275327.3,78076053****0389,High
1914,Sarah Murray,Inactive,378722.26,23800961****4463,Medium
8766,Brian Davis,Dormant,8506315.62,51989815****3225,High
8750,Kim Torres,Active,6588985.52,82284746****3646,Medium
2133,Angela Williams,Dormant,8705706.12,59614509****6219,High
6188,Kara Petty,Inactive,670547.41,62873150****6475,Medium
5176,Victoria Jones,Inactive,4817474.78,42280612****8062,High
7308,William Wells,Inactive,5325306.35,67458906****9068,Low
8572,Ashley Peterson,Dormant,7015199.01,30548569****8368,Low
9108,Todd Moreno,Active,3659605.51,91345927****6476,Low
5951,Stacy Schmidt,Dormant,3571087.97,10770294****9152,High
6038,Gregory Arellano,Dormant,3248170.26,99200803****7580,Low
6729,Paul Reese,Active,1411037.38,87048008****3340,Low
7109,Justin Hale,Dormant,9474389.5,20449000****9883,Low
8216,Sandra Morris,Active,170361.93,80454251****2089,Low
9496,Vanessa Nelson,Dormant,4217108.18,42396237****7168,Medium
2968,Russell Ramos II,Dormant,1785755.43,41589052****7861,High
9924,James Robinson,Dormant,4111164.61,79760435****9129,Medium
7995,Anne Gregory,Inactive,8894634.1,82268512****4479,Medium
9812,Ashley Kelley,Inactive,9206.44,15711228****9530,Medium
2792,Jordan Gonzalez,Inactive,4334330.25,60460273****5971,Low
9455,Victor Mcdaniel,Active,1987090.45,42380248****6093,Medium
6358,Leah Montes,Dormant,8354782.25,75590477****2873,Low
2962,Amanda Tanner,Inactive,9169765.79,71431179****6948,Medium
3530,Olivia Stevens,Active,9838708.34,66687250****5911,Medium
5776,Christopher Wells,Inactive,266146.9,65450069****0091,Medium
1798,Bryan Ramirez,Inactive,2458144.72,66170590****8033,Medium
2470,Olivia Wade,Inactive,5963876.62,82670946****5800,High
3319,Steven Garza,Dormant,1601393.65,94950463****4876,Medium
4027,Trevor Smith,Active,4242903.26,80850592****0225,Medium
1928,Philip Johnson,Inactive,3762989.57,77731268****5245,High
9623,John Williams,Inactive,9405442.28,30851715****9498,Low
7794,Michele Curry,Active,8305342.54,55161089****0017,High
8266,Mary Johnston,Dormant,9076028.76,29422362****5630,Low
1375,Mark Gardner,Inactive,8179923.59,71388292****6772,High
6950,Dr. Paul Tyler,Inactive,6476032.58,85804827****1255,High
5804,Robert Parker,Active,302442.81,15525063****2686,Low
4346,Kelsey Baker,Inactive,3855589.26,67851415****1555,Low
7342,Ashley Rhodes,Dormant,6149915.11,72703288****5482,Medium
5453,Roger Browning,Dormant,7608583.88,92883860****4694,Low
8184,Amanda Bailey,Active,1168062.86,10754640****4530,Low
5850,Brittany Hatfield,Active,4955918.02,17673928****5015,High
3910,Melissa Reyes,Active,1978925.91,93765350****8232,Low
1845,Elizabeth Scott,Inactive,5312560.46,62087055****8306,High
3687,Charles Orr,Dormant,3667673.32,46427898****2818,Low
5327,Kevin Johnson,Inactive,8451632.52,40884837****8094,Medium
8633,Dean Gomez,Dormant,201733.23,14351445****3232,Low
2191,Christina Brown,Active,2175019.17,60767440****9305,Low
2823,Donna Lewis,Active,3257449.41,54001772****4706,Medium
9590,Michelle Peters,Dormant,7251049.56,50821393****5124,Medium
5026,Cathy Nelson,Inactive,6150565.02,90674903****9760,High
5094,Kristin Williams,Inactive,9543153.21,68991509****3731,Low
9559,Jacob Schmitt,Dormant,3572111.97,10585965****9417,Medium
9577,David Price,Dormant,4439374.57,96036607****5372,Medium
9196,Joseph Snyder,Active,1662168.9,91564216****6844,Medium
7798,Darlene Butler,Dormant,8664142.59,90451241****0940,Medium
2290,Tracy Fuller,Inactive,2329768.52,15467954****2294,Low
2080,Dr. Denise Flores,Dormant,1396603.65,87975577****4817,High
2685,Tina Johnson,Active,3845532.17,77153816****0334,Low
2405,Adam Williams,Inactive,6058644.44,35679058****1204,Low
6522,Cheryl Sanchez,Inactive,1475606.8,65951377****7234,High
8448,Michelle Nielsen,Active,5406117.16,88530116****4088,High
4966,Meghan Rubio,Dormant,5539950.56,20027153****5061,High
8464,Frances Todd,Active,710971.86,40162433****4514,Low
2452,Paula Parrish,Dormant,6867883.39,47346642****0274,High
4200,Andrew Mason,Active,3052520.53,31139993****3029,High
8745,Charles Garrison,Dormant,4194210.81,71149867****2393,Medium
6571,Renee Schultz,Active,5187611.03,91791359****1734,Low
3841,Theresa Bond,Dormant,6040240.98,41729551****5927,Low
4389,Brandy Bishop,Dormant,2331642.15,78245549****0964,Low
7123,Tracey Mendoza,Dormant,862360.19,46297899****4774,Medium
6860,Dustin King,Inactive,4191381.99,77229385****9389,High
9214,Wendy Fernandez,Inactive,3841208.5,41891017****2232,Medium
8876,Janice Jordan,Inactive,5648994.93,26384897****4836,Medium
6796,Mark Greer,Inactive,9628320.38,20914696****9198,High
8124,Christina Johnson,Dormant,8573845.12,80512392****7590,Medium
8646,Molly Solomon,Inactive,5920376.49,30387807****9332,High
7016,Justin Allen,Inactive,3342704.72,27908264****8490,Low
4864,Emily Gomez,Inactive,1325652.68,45214844****7080,High
6095,Victoria Roberts,Active,4880243.14,15464881****0000,Medium
6208,Megan Patterson,Inactive,4536368.56,13730435****8881,High
3404,Amber Ross,Dormant,481679.52,88347457****8523,Medium
1265,Anthony Davis,Inactive,6698125.09,47596807****7496,High
8134,Alison Davis,Inactive,1467681.05,91195030****4776,Low
7023,Eric Castillo,Dormant,1021579.36,52155484****3000,High
3149,Danny Tucker,Dormant,2839965.35,52598709****6903,Low
6852,Pamela Hernandez,Inactive,8807659.27,23375396****9868,High
7112,Alex White,Inactive,7936682.72,10391201****2197,Medium
9745,Sandra Moore,Dormant,1730787.34,20570186****8086,Medium
3956,Adam Daniels,Dormant,6512208.24,85925414****8363,High
3239,Willie Brown,Dormant,61705.01,74603138****2990,Medium
3228,Molly Gamble DVM,Dormant,9280861.52,16056480****9575,Medium
4372,Justin Clark,Dormant,1082376.7,14402204****7169,High
7159,Jonathan Austin,Active,7638476.08,25212332****9994,High
7411,Marc Williams,Inactive,3321373.29,66834405****5037,High
6250,Edward Bailey,Dormant,9564169.99,44068420****0382,Medium
8977,Amber Osborne,Inactive,309342.63,79498533****4663,Medium
2881,Kathryn Fuller,Active,3489463.86,34338779****1289,High
9755,Bailey Hodges,Dormant,4731774.19,64062283****4044,Medium
5311,Herbert Perez,Inactive,385074.98,44858806****8021,Medium
8130,Cory Gross,Active,4160482.2,24912220****6118,High
4986,Lance Cummings,Inactive,3829442.06,88746383****4959,Medium
7886,Wendy Powers,Dormant,2286344.95,86964286****1363,Low
8787,Derek Brewer,Active,6684615.41,54175620****2219,Low
7860,Jonathan Villa,Dormant,5648745.26,13063659****1687,High
2297,Kevin Chang,Active,5975866.15,39172972****8750,High
1151,Stephanie Jacobs,Inactive,7880855.04,74995757****8620,Low
5150,Nancy Cruz,Dormant,1648430.03,27272387****8719,Low
9039,Tricia Morrison,Inactive,6592828.38,47243784****7064,Medium
8368,Cindy Espinoza DDS,Dormant,6522399.9,18632265****0336,Medium
7964,Jose Rice,Inactive,7507908.27,90003080****1717,Medium
5937,Tracy Hall,Inactive,9249858.73,49977673****4620,Low
1668,Randall Donaldson,Active,8686333.53,30860003****7461,High
1864,Heidi Davis,Dormant,5560250.03,68886337****3067,Low
3384,Jacqueline Jones,Dormant,1475163.15,14952056****9877,Medium
1604,Darrell Brewer,Dormant,4014159.47,70631858****8635,Low
9495,David Hunter,Active,7372767.23,53337825****6508,Low
8978,Emily Brewer,Active,5423940.94,95278880****6202,Medium
1704,Darren Jackson,Active,1408478.78,69859343****8483,Low
5581,Brandon Davis,Active,5663592.18,22739193****6594,Medium
2271,Kristina Smith,Active,3079403.7,11817511****6322,Low
7662,Amanda Hayes,Active,3168420.49,60990572****7033,Medium
1874,Danielle Thomas,Dormant,3920652.86,24894833****9776,Medium
2590,Patrick Ray,Active,9620566.04,20927642****9700,Medium
5114,Amber Anderson,Dormant,1080560.24,37321287****0957,Medium
9969,Joan Williams,Dormant,8659995.07,34422966****1766,Low
3076,Patrick Johnson,Active,1188625.26,68557233****8254,Medium
1696,Jason Caldwell,Dormant,7678740.98,23480212****3096,Medium
4165,Johnathan Lewis,Inactive,1035955.44,43608604****7650,Medium
5490,Eric Rush,Inactive,1873349.65,55273480****1880,Medium
7446,Janice Evans,Dormant,582378.49,31504130****9094,Medium
5652,Margaret Mcbride,Dormant,1460609.31,72270877****1472,Medium
5085,Marc Nelson,Inactive,8572523.11,70278351****4213,Medium
8424,Michelle Hodges,Active,272113.36,67135559****5553,Low
6650,Laura Tyler,Active,1642608.99,62107265****7707,High
8129,Denise Salazar,Dormant,7330269.3,72002573****8835,Medium
9087,Jasmine Smith,Inactive,1475270.93,99327777****2556,Low
5873,Oscar Kennedy,Active,9342715.44,87700677****3353,Low
1228,Cheryl Ball,Dormant,839987.69,23772470****7913,Medium
8038,Veronica Evans,Dormant,4411727.1,88858564****4346,Low
9513,Laura Hughes,Inactive,8117932.54,12704254****2616,High
5492,Samantha Kelly,Active,4186201.96,92427536****4178,Medium
1449,Jordan Gill,Inactive,8709955.97,23441475****4818,High
2404,Sharon Bradford,Inactive,5385004.72,99123130****5160,Low
1076,Stephanie Cooper,Inactive,9985925.82,40685132****8421,Low
6510,Sarah Moss,Dormant,4016520.08,13242923****9806,Medium
1708,Donna Powell,Active,3662557.42,98890232****7728,Low
8663,Thomas Stark,Inactive,6922114.61,68855894****7940,High
5110,Steven Joyce,Inactive,6618828.13,97150659****9096,Medium
8043,James Turner,Inactive,8956557.28,18468760****5893,Low
5182,Joseph Robinson,Inactive,41699.66,39477615****6769,Low
9842,David Smith,Active,47675.72,60735839****8601,Low
4651,Belinda Curtis,Active,6720658.53,12729051****4732,High
5144,Tracy Anderson,Dormant,1780972.13,84026909****5695,High
6075,Sierra Jackson,Active,3150730.76,40804090****9081,Medium
1107,Eric Patrick,Active,7695548.8,68900380****8582,Medium
7512,Sarah Smith,Dormant,5100994.22,57518773****0757,Medium
4992,Richard Carter,Dormant,7024971.65,24302680****7877,Low
1532,Mrs. Jill Martin MD,Inactive,282050.46,16026530****0386,Medium
9432,Samantha Kirby,Dormant,1313130.0,96489811****0840,Low
8310,Joseph Smith,Active,5568449.3,56184143****4848,High
1554,William Shannon,Inactive,1090516.78,59149755****8913,Low
4390,Cheryl Grimes,Inactive,1226368.31,11315305****8790,Low
2388,Monique Hensley,Dormant,3915386.12,87295771****8520,Medium
3003,Justin Cameron,Dormant,4620292.68,24105793****9425,Medium
4571,Amanda Jones,Active,4214883.37,60417625****6541,High
1810,Mike Chavez,Active,8857625.47,72338054****4312,High
5067,James Walker,Inactive,5974945.78,22189980****0725,Medium
7083,Corey Ellison,Active,8882989.28,85681387****5101,Low
4594,Brian Norton Jr.,Dormant,9843622.96,10397156****0550,Low
3282,Justin Ryan,Inactive,5818365.61,51854995****5306,Low
5183,Tiffany Schmidt,Dormant,5666754.51,20473551****3082,Medium
4895,Heather Huynh,Dormant,9185160.82,79373505****0385,Medium
4249,Lisa Snow,Dormant,4535411.13,51304887****9396,Low
1776,Victoria King,Active,9589520.58,95443235****2978,High
5818,Jose Farmer,Active,4926715.27,69452798****4760,Low
6257,Kristen Brown,Active,8561798.59,36480594****7115,High
1629,Jordan Gibson,Active,5113145.55,50634573****1720,High
8334,Kevin Osborne,Dormant,7844385.16,74776520****2949,High
8979,Jesse Bentley,Dormant,4863677.59,11933822****5863,Medium
1749,John Harrison,Dormant,3980232.39,32152989****6241,Low
5256,Jennifer Hill,Active,1467830.09,84492230****8958,Low
5359,Dustin Stewart,Active,8236969.54,53425132****6691,High
2838,Travis Johnson,Dormant,9989245.99,92941078****4244,Low
5396,Robert Clements,Active,1729026.38,33378659****9026,Low
3955,Andrew Medina,Active,4895980.69,49754803****0668,Medium
4452,Jacqueline Rivera,Active,5836662.68,55997904****5916,Low
9493,Sydney Avila,Inactive,7472411.69,55962290****4948,Medium
9818,Steven Martinez,Dormant,8159539.67,27454301****1456,High
3850,Richard Knapp DDS,Dormant,6480792.02,44934499****4456,Low
1751,Donald Rodriguez,Inactive,7272647.92,46899500****5710,High
1955,Michelle Carr,Dormant,6164282.11,94919171****8420,High
4223,Martha Thompson,Active,1883112.58,73959280****3620,Low
7175,Andrea Simmons,Inactive,2053361.9,68423364****1059,High
1483,David Parker,Inactive,3335923.76,49685304****2543,High
3317,Christopher Jefferson,Inactive,1368062.48,64420639****7688,Low
9227,Alexandra Gonzalez,Active,2266744.39,13093226****0950,Low
8200,Jonathan Page,Inactive,168700.15,60624260****7377,High
5120,Richard Hill,Inactive,7736541.66,46262109****5117,Low
2587,Susan Robinson,Inactive,7381599.31,90904427****0056,Low
1193,Donald Baxter,Active,5427518.93,70638434****6816,High
9042,Mr. Donald Martinez,Dormant,5441705.37,35345435****7934,Medium
6489,Jessica Williams,Active,3410000.65,26380525****5591,High
4786,Mariah Jones,Active,7745796.75,75135143****0716,Low
3765,Stephanie Jones,Dormant,4864256.68,70556122****5683,Medium
7268,Donald Bryant,Dormant,4518381.86,24708408****6749,High
8478,Matthew Sloan,Active,6564944.85,20884769****4026,Low
6735,Jeffrey Anderson,Dormant,9178376.82,37889970****0338,High
4652,Barry Nelson,Active,7308203.54,61808141****0217,Medium
9363,Richard Gill,Dormant,3442548.09,96457541****1336,Low
4572,Matthew Martinez,Dormant,5019280.13,55354617****9230,Low
2500,Katherine Norton,Dormant,9945261.31,43163202****8788,Medium
2029,Shawn Jennings,Dormant,8432796.03,33366949****3574,Medium
6664,Loretta Shaw,Dormant,4746690.51,75437165****4562,High
7927,Mark Gardner,Dormant,2142859.46,11363587****3753,Low
6680,Matthew Mullins,Active,6768652.74,43278327****0572,High
5788,Kimberly Love,Dormant,8631820.72,41285089****3053,Medium
3965,Michael Moore,Dormant,231498.25,12801491****3411,Low
9807,Scott Smith,Inactive,8817380.68,92408778****6320,Medium
2289,Mark Krueger,Inactive,8550903.83,75397930****4809,Medium
4887,Kathryn Meyer,Dormant,9691693.41,39600032****1888,Medium
8800,Lisa Spencer,Dormant,3434498.5,31069457****7503,Low
2039,Sarah Gray,Inactive,4900122.12,28311815****4564,High
3365,Keith Briggs,Dormant,6017681.51,13410532****6276,Low
9757,Chris Floyd,Active,1799884.0,25212297****9560,Medium
6045,Alexander Brewer,Active,1678961.96,58482757****2143,High
9668,Vanessa Adams,Inactive,9347800.72,57535265****2588,Low
6092,Melissa Stevens,Dormant,1417692.42,28339810****5308,Low
5795,Perry Williams,Dormant,8458135.51,66374540****6866,High
8322,Curtis Hoffman,Dormant,5279658.64,36498248****2221,Low
9471,Jordan Roberson,Inactive,8244531.52,26668882****3431,Medium
3018,Johnny Hart,Active,3425824.31,43593668****6652,Low
3978,Robert Ramirez,Inactive,7239374.98,23847898****4706,Medium
2495,Brittany Alexander,Dormant,6121470.19,19971239****0524,High
5518,Christina Davis,Active,256143.61,62835327****8083,Low
9315,Andrea Hunt,Dormant,2822708.64,51532329****5082,High
9016,Samantha Johns,Active,260490.32,69431364****6614,Low
2893,Charles Williams,Inactive,1872141.48,57913109****5669,High
4815,Jose Torres,Dormant,369745.91,91097232****1536,Low
4300,Andrew Dixon,Dormant,7194046.92,76303080****4514,Low
7441,Edward Salazar,Active,2662870.2,94065599****0308,Low
4925,Dustin Torres,Active,3838912.67,89648531****2353,Low
3728,Corey Oliver,Inactive,8874549.8,37669962****9967,Low
3104,Mitchell Young,Active,3164694.01,76997968****5924,High
4502,Nicole Rodriguez,Active,352113.29,92570590****7024,Medium
9407,Mr. Kevin Keller,Inactive,9587732.95,63614356****5230,High
9735,Amy Smith,Inactive,8094095.19,37173990****9875,Medium
8694,Carlos Valdez,Dormant,1790250.76,81481192****8357,Low
6316,Damon Fry,Active,493553.79,16499521****6889,Low
4579,Bill Mccoy,Inactive,865520.7,19148501****2600,Medium
3343,Jessica Freeman,Inactive,7904723.39,54948011****4248,Medium
7496,Julia Watkins,Inactive,6702893.52,17984238****2541,Medium
1682,Mr. Alex Brooks,Inactive,960340.22,19256834****3692,High
7360,Michael Brandt,Inactive,765268.44,86503299****9330,High
3155,Sandra Conley,Inactive,1441749.16,81381861****1497,High
3233,Shannon Flores,Inactive,3926141.95,88405823****8335,Medium
2861,Richard Shelton,Dormant,1134535.67,51220540****9522,Medium
7277,David Bryant,Dormant,4402231.63,96453755****7358,Medium
4488,Greg Richards,Active,4536999.22,95997393****0180,Low
9672,Devin Lee,Active,8169795.46,39259758****2340,High
7180,Tara Robinson,Active,8606476.42,72389562****5761,Medium
6826,Erica Franco,Active,4737036.84,13487588****5545,Low
7421,Kyle Perez,Inactive,6689123.46,59073641****9039,Low
1086,Paula Bowers,Active,6453881.61,56919381****0775,Medium
3070,Emily Baldwin,Active,6868716.54,60825456****3726,Low
7866,Dr. Erica Torres,Dormant,8793270.74,68650026****8559,Medium
8818,Timothy Nichols,Active,502909.73,47445555****0116,High
3142,Pam Morton,Active,5684807.55,27481473****4776,Medium
9161,John Pena,Active,4147940.92,58821825****6231,High
9369,William Burns,Inactive,9161277.74,48196038****8270,Medium
8355,Peter Haney,Inactive,2349336.64,70247168****9765,Low
4539,Amy Martinez,Inactive,3157552.37,13750642****8696,Medium
9903,Jacqueline Young,Dormant,5132579.49,45290488****8992,High
4463,Melissa Johnson DDS,Inactive,1018135.74,64191732****8568,Medium
1203,Oscar Molina,Inactive,5032899.31,20338463****9432,Low
6064,Joseph Chavez,Active,1002286.49,61243052****0883,Medium
9498,Elizabeth Conley,Active,7279474.23,55187860****4837,High
4053,Carl Adams,Dormant,1467592.26,87538505****1802,Low
9004,Steven Guerra,Inactive,7844726.61,25724694****3291,Medium
8834,Jessica Williams,Dormant,8234976.47,63336625****0880,High
1766,Brian Dorsey,Active,2477333.84,68657397****0095,High
9414,Daniel Jones,Dormant,7408985.0,84703853****0059,Medium
2802,Crystal Day,Active,9753110.52,94357030****9440,Medium
4295,Paul Bauer,Inactive,1873202.21,61703181****4220,Low
9169,Austin Richard,Dormant,9294173.51,46090062****2898,High
9955,Stephen Flores,Inactive,8059220.72,65364179****1781,Low
9459,Tina Hudson,Inactive,238174.14,50004996****8361,Low
4447,Amy Brooks,Active,2390886.41,13545013****2255,Low
3704,Stephen Norman,Inactive,2181366.02,40965477****6022,High
2736,Andrew Peterson,Inactive,7200937.24,22503893****3800,Low
8000,Stephen Franklin,Active,1603027.98,73017180****2915,High
1281,Kimberly Smith,Dormant,8670380.23,38298293****5099,Low
4775,Nicholas Sampson,Inactive,4698479.7,16450088****9964,Low
7075,Patricia Wood,Active,6294415.13,54892591****1176,Low
7919,Andrea Vance,Active,154899.84,50260459****3530,Low
4800,Melissa Park,Dormant,6205453.22,45041895****3824,Medium
5217,Susan Brown,Dormant,2759232.17,28323691****2923,High
7162,Stacey Chandler,Inactive,1319654.64,83206206****9603,High
7657,Jacob Contreras,Active,4280148.28,24550441****4438,High
2343,Daniel Jensen,Active,8565480.07,98629192****8808,Medium
2788,Chelsea Vasquez,Dormant,6114985.57,18819847****9043,Medium
1312,John Price,Inactive,5000768.14,35275703****0916,Medium
3161,Kristi Horton,Dormant,643564.04,32754692****6929,High
1428,Preston Wolf,Active,9732721.11,70906346****3717,Low
7465,Gregory Moss,Dormant,2569158.52,81733047****3591,High
2834,Dr. Robert Shaw,Dormant,7116125.63,91362904****1014,High
9305,Amanda Stevens,Dormant,4931522.29,92583300****8260,Low
9050,Brittany Hunt,Inactive,8103079.83,61303027****3773,High
4588,Jonathan Orozco,Active,4438264.0,42712706****6146,Medium
8190,Natalie Ramirez,Inactive,7330762.65,79440537****2035,Low
9789,Austin Williams,Dormant,3733522.07,13026514****0524,Medium
1032,Jessica Cox,Active,143779.59,68714064****2779,Medium
8542,Janet Gould,Dormant,7045873.23,13827844****0826,Low
9244,Mary Campbell,Dormant,1234502.62,87022823****0660,Low
7827,Carrie Mitchell,Active,9729489.19,30656295****6852,Low
4002,Debra Hunt,Active,124767.46,22492268****7328,Medium
6651,Rachael Andrews,Inactive,674207.18,92828575****0684,Medium
9943,Theresa Baker,Active,143923.87,93221771****5752,Medium
9048,Janet Richardson,Dormant,1450902.84,70799227****0283,Medium
1096,Devon Davis,Active,4961045.03,96311333****0098,High
2282,Yolanda Rivera,Active,8017883.73,56148212****1821,Low
7797,Andrea Thompson,Dormant,9394927.12,44403372****2933,Medium
7634,Jennifer Wilson,Inactive,8516536.44,63361868****7870,High
7937,Pamela Fox,Inactive,6611050.35,46216138****8538,Medium
6355,Steven Cruz,Active,3960922.12,59390506****4812,Medium
2192,Lindsey Garcia,Dormant,1124326.09,59696310****1943,Low
6449,Laurie Carpenter,Inactive,7120121.05,93820997****1072,Low
8816,Patricia Walters,Dormant,254794.21,36866567****0246,Low
2536,Christopher Schwartz,Dormant,1479629.06,84105788****1448,Medium
6553,Barbara Saunders,Dormant,2556848.2,57962008****9280,Low
7522,Christopher Wise,Dormant,9246167.47,42442346****6036,Medium
9863,Anthony Taylor,Inactive,299891.14,23043036****1515,High
4566,Daniel Austin,Active,5528060.54,32747767****3452,Low
2227,Kimberly West,Active,8033537.11,76976293****5208,High
5833,Ruth Reyes,Dormant,6993123.51,44396425****7918,High
1529,Kelly Tanner,Active,8254524.13,52863443****5362,Low
2490,Louis Kelly,Inactive,5913906.4,76661167****5677,Low
8653,Martha Jackson,Inactive,8818181.63,58784960****3379,Medium
3199,Tiffany Freeman,Active,274255.71,48898100****2672,Medium
7944,Paul Evans,Inactive,8961751.42,41593704****8132,High
7803,Lisa Townsend,Active,9155895.76,49876754****9866,Medium
5632,Jennifer Mccarty,Active,3630442.75,49926547****0573,Medium
7314,Roy Ryan,Inactive,341134.58,76936572****1815,High
6041,Jeffrey Henry,Active,5920823.07,76058396****8291,High
7548,Michael Ortiz,Inactive,2978391.17,65132959****7451,Low
4106,Rebecca Lee,Active,5798433.14,31652072****1844,High
6770,Kelly Snyder,Inactive,628208.57,75081903****4998,High
3207,Steven Reyes,Dormant,6400323.69,15329247****2607,Low
2654,Cristina Stout,Active,973869.83,29498188****3946,Low
5092,Veronica Lopez,Active,5022914.79,20809494****1557,High
8456,Victoria Griffith,Inactive,3054865.82,66009364****3848,Low
3499,Aaron Dodson,Dormant,4239426.9,53740937****8288,Low
6731,Amy Palmer DDS,Active,8522466.88,76767286****6302,Medium
3926,Carolyn Wagner,Dormant,9541137.72,30853381****5231,Low
8390,Aaron Willis,Inactive,9435986.14,26237182****4396,Low
6030,Daniel Hanson,Dormant,1224011.21,36496641****0136,Low
6229,Joseph Hall,Active,4081727.49,71837243****3837,Low
5616,Rebekah Richmond,Inactive,9235028.75,95231345****1642,Medium
4605,Michael Wright,Active,473218.32,38163212****7149,Low
6982,Rhonda Evans,Dormant,7043174.84,17306454****7161,Medium
4441,Clifford Huffman,Dormant,4455355.28,96891498****4036,High
1889,Todd Mcintyre,Active,5399521.04,61401339****9133,Medium
2174,Christopher Pratt,Active,689.14,71172236****0090,Medium
7053,Brandon Wells,Inactive,5729217.97,27298097****0125,Medium
2148,Erica Long,Active,6336350.05,18280124****0601,High
4380,Marco Reed,Active,700586.75,96182672****6566,Low
5205,Nathan Wood DDS,Dormant,8777056.01,75927916****3072,High
4739,Perry Jordan,Active,8990360.97,17482156****9464,Medium
7202,Maria Perez,Active,2477116.03,68895835****8515,High
1956,Mr. Geoffrey Johnson MD,Active,463573.08,12778105****7398,High
5740,Matthew Young,Inactive,3774663.81,92505467****1340,Low
5549,Veronica Dunn,Inactive,775916.47,81829702****8454,Medium
8761,Nicole Soto,Active,5687755.11,97285361****5604,Low
1865,Michael Medina,Active,1198131.97,95897302****7610,Medium
7667,Randy Duncan,Active,7977278.86,43534457****3110,High
1773,Jeffery Smith,Inactive,2337716.36,43169689****1736,High
7967,Courtney Perkins,Active,9490127.6,98610367****8302,Low
6280,Monica Harmon,Active,8496582.43,88720725****4206,Low
1264,Zachary Sanders,Active,1689054.16,41676662****9196,Medium
2235,Phillip Henry,Dormant,5932418.61,95314641****1016,Medium
3466,Alexander Nguyen,Inactive,8240149.06,23792898****3373,High
7753,Gregory Woodard,Active,4932830.35,16768868****6222,Medium
8601,Edward Diaz,Inactive,8188520.89,66802621****6824,High
7245,Justin Smith,Inactive,341043.9,93907631****7720,Low
6851,Christina Rodriguez,Inactive,6864975.99,22935198****5986,Low
8398,Jasmine Cunningham,Active,153402.41,11388681****2102,High
3269,Joanna Wallace,Inactive,1047664.8,93631352****5104,Medium
1149,Thomas Martin,Active,9600366.32,98854865****9378,Low
7267,Gail Perkins,Dormant,2396566.44,60023647****0703,Medium
3751,Lisa Zimmerman,Active,6555514.39,58050526****5312,High
5352,Patricia Smith,Active,1505429.05,45213664****6654,Medium
7041,Christopher Salinas,Dormant,2821858.95,58592126****1125,High
5421,Johnny Scott,Dormant,7419750.31,81350566****8098,Low
9440,Whitney Gomez,Inactive,1325255.45,68764656****3988,Medium
7771,Mark Woods,Inactive,3307669.45,46351769****6951,Medium
6113,Lauren Finley,Dormant,7159102.46,17877879****9088,Medium
7373,Jennifer Brown,Active,6397853.3,17848643****1454,Medium
8375,Russell Graham,Dormant,8567208.86,68858222****2384,Medium
6597,Brandon Acevedo,Inactive,3147165.74,77716164****4903,High
6018,Kaylee Jones,Dormant,698266.42,12429402****1143,Low
7038,Matthew Meyer,Dormant,4592441.71,63883510****4187,Low
6079,Beverly Randall,Dormant,4046928.46,62943700****4347,Low
9079,Austin Torres,Dormant,6285790.98,38648648****6408,Low
7276,Lance Curry,Active,4804788.82,57781791****2402,Medium
8637,William Harrington,Active,8993907.92,35442850****1040,Medium
8102,Ann Gonzalez,Dormant,3705002.26,58149352****7075,High
7616,Cathy Hoover,Inactive,4716320.6,15122427****7318,Medium
1014,Stephanie Booker,Active,1859545.79,27772716****6898,High
6838,Alfred Walker,Dormant,1770272.8,47264043****2106,Medium
3933,Catherine Tucker,Active,8922379.99,55421789****7219,Low
2032,Jessica Doyle,Inactive,62107.96,85129350****4007,Medium
7863,Sonya Torres,Active,100733.29,15877251****2896,Low
7113,Amanda Day,Dormant,8175831.53,90345598****1544,Low
7228,Lawrence Shields,Inactive,7673649.25,47726775****0602,High
6070,Brittany Smith,Inactive,5751293.26,79140496****0575,Medium
5472,Alyssa Thompson,Dormant,784178.31,51185978****8466,Medium
1963,Donna Miller,Active,2959480.91,60596208****7364,Medium
3054,Claire Allen,Active,1827340.05,66414615****3491,High
9946,Fernando Nixon,Active,8826634.19,92625350****4236,Medium
4827,Jason West,Inactive,2119729.33,49264249****7914,Medium
7416,Jasmine Ortiz,Active,1655279.65,67779994****3266,Medium
7973,Kristin Miller,Active,7241224.11,67404311****3963,Medium
8748,Dr. Joseph Dorsey,Active,3630113.58,71468532****0104,High
9474,Angela Meadows,Active,3771871.44,92680372****7214,Medium
1939,Felicia Navarro,Active,6683490.4,66117785****6570,Medium
1365,Kelly Bolton,Inactive,6851581.92,38311538****4652,Low
3437,Jill Salazar,Dormant,5490901.82,58655837****1792,Low
1846,Joseph Johnson,Active,9556925.26,53066670****6365,Medium
4101,Brandon Pugh,Dormant,3622936.14,90573527****3532,High
9729,Stacey Ruiz,Inactive,983102.9,47674856****4620,Medium
4039,Anita Hamilton,Active,9422376.69,10922846****3745,Medium
4725,Amanda Whitaker,Inactive,3159005.48,59201138****5706,Medium
4643,Andrea West,Active,8946705.7,44612493****9594,Low
5660,Michael Wells,Active,3441873.31,55402516****7676,Low
9473,Albert Strickland,Inactive,7968437.25,54444683****5672,High
6432,Kristie Long,Inactive,4430186.1,31296734****3914,Medium
5475,Steven Holmes,Active,6341294.25,35785971****8412,Medium
5038,William Edwards,Active,5980371.99,27661223****7448,Low
3861,Brian Gonzales,Active,2871536.55,72093193****6642,Medium
4281,Ashley Saunders,Inactive,3421461.51,13952025****1575,Low
7246,Anthony Cooper,Dormant,5364189.59,93902145****3522,High
4898,Stephanie Walker,Dormant,3020512.35,39692528****1978,Medium
1553,John Schultz,Active,4232357.24,49525893****6972,Medium
5931,Michael Warner,Inactive,363474.57,20398576****5103,Low
7151,Gloria Harris,Inactive,9939964.0,81430580****0487,High
4047,Philip Joseph,Active,5224126.11,51499915****5440,High
4448,Christopher Lopez,Active,1225673.53,63665990****4215,Low
5337,Kevin Lynch,Active,4000343.1,84941365****4177,Low
7229,Elizabeth Morales,Inactive,6850393.03,70520374****8834,High
7739,Justin Rasmussen,Inactive,3078159.95,29162563****9406,Low
8359,Brian Green,Active,3858558.37,99411288****2664,Low
2575,Kevin Clark,Active,3156181.07,14498309****9771,High
2975,Robert Bird,Inactive,8803369.17,45419446****2416,Low
4581,Marissa Alexander,Active,7899842.01,32287525****3048,High
2518,Ashley Elliott,Dormant,9781286.03,10674931****3768,Medium
2310,Cindy Bradley,Dormant,7993293.42,54026878****3021,Low
3966,Mallory Bates,Active,7548142.29,70901815****6040,Low
4708,Charles Williamson,Dormant,2140591.77,87359915****1002,Low
5329,Kayla Franklin,Active,6734130.78,78602196****6351,High
5601,Thomas Guerrero,Dormant,17040.28,50386514****7720,Low
5730,Stephanie Lee MD,Active,2910302.8,32458975****7312,High
9028,Natasha Gonzalez,Active,8961819.64,65990882****4036,Low
3491,Emily Frank,Inactive,2227890.45,92974188****8436,High
6039,Kimberly Gardner,Inactive,2904083.87,14011759****4683,High
8953,Michael Fisher,Dormant,5916417.85,13875744****5870,High
1009,Debra Richards,Dormant,936614.4,87588062****6712,Medium
6637,Rachel Allen,Active,2048253.83,40483122****9669,Low
9255,Willie Sullivan,Active,6502678.74,59349421****8610,Low
4694,Joseph Cross,Inactive,3992768.93,94654058****4718,Low
2776,Brian Harding,Inactive,3123882.7,23322581****4257,Low
7678,Joseph Bowman,Dormant,1186847.4,69875525****0667,Low
2857,Courtney Jones,Dormant,784019.0,50507632****9462,High
4858,William Newton,Dormant,4516580.85,46716981****4336,High
7000,Jason Mendez,Inactive,4682204.18,85730910****9069,Low
6914,Jennifer Tyler,Dormant,3112440.06,77687586****2993,Low
2820,Brianna Walker,Inactive,7402189.16,91129946****6836,Medium
9611,Margaret Young,Active,6684152.14,46394015****7121,High
1214,Veronica Delgado,Dormant,8352674.07,81197917****9135,Low
3547,Jared Cross,Active,6645117.33,98560801****4134,High
8666,Amanda Carroll,Inactive,8629317.87,45158082****1233,High
8962,Brianna Owens,Dormant,2292335.84,50575668****7395,Low
9522,Cassandra Mathis,Active,9530137.63,68026620****1409,Medium
1624,Alison Campbell,Inactive,9052416.5,23169682****9434,Medium
8591,Elizabeth Martinez,Active,3940538.44,27638991****9231,High
1781,Kurt Casey,Dormant,6227278.74,22324558****1375,High
8296,Brian Lewis DDS,Inactive,7999258.98,50641073****0266,Low
7168,Gerald Campbell,Dormant,1608925.25,60816321****8267,High
2406,Katherine Sanders,Active,4838962.46,81668634****1890,High
9316,Anthony Martinez,Inactive,1710822.91,69716216****5618,High
2062,Ryan Sanchez,Inactive,4175064.77,88739802****8906,Low
9313,Dillon Mullen,Inactive,2874065.25,72729024****2523,Low
9011,Jason Wallace,Inactive,3452348.2,99817421****9804,High
9261,Mitchell Hunter,Inactive,8862627.45,82053651****7128,High
1927,Stephen Jennings,Dormant,2271773.14,72723723****0693,Medium
9314,Brenda Spencer,Active,746159.33,34949464****3659,High
3648,Luis Drake,Inactive,4185308.51,53072501****3472,High
8297,Allison Harrington,Dormant,8060372.21,87157224****5183,Medium
1407,Kristopher Kelley,Active,1242606.23,19660183****5274,Medium
6589,Susan Arnold,Active,3053462.55,24813874****5682,High
6890,Vickie Mcguire,Dormant,3483213.41,15569843****6926,Low
8826,Logan Spencer,Inactive,2879269.98,90769156****8644,High
6286,Natasha Kerr,Active,976709.84,27302229****6460,Low
8806,Micheal Owen,Active,9425689.99,86494655****4743,Low
6312,Daniel White,Inactive,5191899.64,69455493****6867,Low
6763,Edwin Jordan,Inactive,9527428.47,92386463****7378,High
2545,Cathy Roberts,Dormant,2351962.61,52062642****6134,Low
6625,Michelle Brooks,Active,5048661.48,10697048****7805,High
5787,Jack Valdez,Active,7894885.39,98137976****7388,Medium
6248,Kathy Clark,Active,7581747.9,14073035****2184,Low
4816,James Cisneros,Active,1674807.11,77762038****0632,Medium
9523,Philip Perez,Inactive,4388034.18,64444596****5149,Low
4152,Jason Patel,Inactive,1286081.95,23077660****3511,Low
4078,Alex Lindsey,Active,6677364.2,23531388****7128,High
8662,James Moreno,Inactive,7354336.92,73560049****4184,Medium
1279,Michelle Allen,Dormant,362324.15,10722458****8812,Medium
7315,Joel Nelson,Dormant,6607074.89,80613107****8507,Low
9915,Joan Jones,Active,976065.92,14339572****4254,High
4332,Stacy Ingram,Inactive,1081073.94,35923014****6854,Low
1391,David Gates,Active,5624800.36,39119735****4562,High
3019,Isaac Santos,Active,379038.21,52379260****1218,Low
4145,Paul Sanchez,Active,5127683.73,67131564****4200,High
2428,Albert Horn,Dormant,1199170.29,59148467****7914,Medium
2251,Craig Ross,Active,9930285.41,74470275****8993,Medium
5527,Robert Thomas,Inactive,328660.23,90366892****2522,High
8618,Kayla Bush,Inactive,4536531.55,39101363****5141,High
2396,George Turner,Inactive,6448467.04,48373825****3849,Low
7872,Pam Hill,Dormant,6182780.51,29643234****5046,Medium
5608,Mr. Jordan Kent,Active,7413557.87,54695351****1095,High
6232,Sherry Ross,Inactive,2406692.32,57693576****5569,High
6014,Katherine Barnett,Active,4475006.21,86537213****0511,High
8329,Cathy Thomas,Inactive,9785619.21,43067333****7353,Low
2265,Becky Chan,Inactive,3698264.72,15810889****4184,Low
5033,Marc Olsen,Dormant,9605878.19,13441177****3522,Medium
1108,Samantha Mckinney,Inactive,8602134.9,60586152****1810,High
2609,Heather Wade,Active,778464.61,61707591****3814,Medium
4561,Michael Jones,Inactive,5133264.71,61693675****7675,Medium
3389,Joshua Scott,Dormant,5181182.6,56640519****4163,Medium
2625,Jessica Ramos,Active,9645382.29,82678685****9737,Low
3738,Rebecca Douglas,Inactive,3736989.24,95253686****1104,Medium
6309,Bryan Nelson,Active,1436377.87,44507677****6834,High
6318,Courtney Eaton,Inactive,8254138.46,45419606****4802,Medium
4043,Mrs. Joanna Thompson DVM,Dormant,8912060.99,19057608****9372,High
8990,Jessica Holmes,Dormant,7336197.77,27886029****3108,Medium
2046,Monique Moody,Dormant,9969075.51,27191690****4516,Medium
9307,Robert Lopez,Active,8538071.3,55506284****5983,High
2261,Manuel Carlson,Inactive,4081147.78,75201297****9582,Medium
6036,Joseph Randolph,Dormant,599990.71,82765235****3007,Medium
2345,Wyatt Sutton,Inactive,7417900.94,46089018****3022,Low
4961,David Turner,Dormant,6228138.16,23312553****4972,Low
3594,Jonathan Willis,Dormant,3948111.17,12557903****0190,Medium
9375,Allison Compton,Inactive,8104545.94,87000167****1351,Low
6174,Nicole Adams,Dormant,8484098.61,69309037****9228,Low
7126,Jamie Brown,Dormant,5015464.28,41964131****6186,Medium
7255,Gerald Francis,Active,596436.15,65769190****4904,High
1461,Steven Pierce,Inactive,5816228.14,37113938****6238,High
9277,Samuel Cooper,Active,276483.96,77235142****1440,Low
1755,Melissa Patterson,Active,947007.18,61523575****3093,Medium
8984,Linda Young,Dormant,3192415.87,31590518****3226,Medium
5365,Todd Hernandez,Inactive,565045.3,93638216****7192,Low
9148,Hannah Lambert,Dormant,8056107.81,16947129****0433,High
1535,Jamie Goodman,Inactive,7096798.26,83677015****7684,High
2548,Adrian Bender,Dormant,4287315.99,16958628****6122,Medium
6908,Mitchell Walter,Dormant,841397.19,18029141****6118,Low
9096,Christopher Johnson,Dormant,8360174.94,79795544****3088,High
3369,Jessica Parker,Active,8928088.88,17382300****1960,Low
9353,Amanda Johnson,Active,8998081.19,84075167****2690,Medium
5720,Joshua Noble,Active,1612310.72,26782836****2493,Medium
7768,Brandy Barrett,Dormant,1117167.62,87943448****3129,High
3849,James Rodriguez,Inactive,8497422.33,27359213****0253,Medium
2073,Erica Thompson,Inactive,7396095.0,29770080****3735,Low
6010,Ricardo Foster,Inactive,6977179.21,64236706****5889,High
9164,Charles Calhoun,Inactive,6538940.64,84783547****8321,Medium
2306,Jennifer Gomez,Inactive,6515884.48,78840055****2467,Medium
7650,Ryan Morgan,Inactive,3537229.64,21652925****0270,Low
6523,Dr. Michael Hayes DDS,Inactive,9616501.9,25000638****0153,Low
3958,James Turner,Inactive,7492225.19,60517073****0371,High
9212,Robert Simmons,Active,6701916.08,29794198****9632,Low
7954,Keith Powell,Active,9451126.26,39306496****9096,Medium
8605,Robert Huff,Dormant,9053354.53,54962139****1675,High
6381,John Richardson,Inactive,5107861.7,53925250****0596,High
8993,Judith Smith,Inactive,7886638.41,58516310****8306,Medium
4293,Walter Howard,Dormant,8567646.88,77549527****1576,Medium
4971,Amy Harding,Dormant,5646907.75,97318156****5240,Medium
6338,Robyn Allen,Active,1473098.83,42265954****2848,Low
3771,Jeffrey Dougherty,Active,12972.16,38049354****0730,High
2181,Todd Lopez,Active,9837573.71,97682075****9008,Medium
4268,Luis Gibbs,Inactive,4085722.36,52258023****1020,Medium
9133,Andrew Hall,Active,7351851.07,42859766****7604,Low
4206,Dr. Travis Henson MD,Active,5248852.81,65179081****7561,Medium
2928,Rachel Bass,Active,7055745.74,17680518****3366,High
8850,Mary Reyes,Active,3146464.12,22392516****4615,High
3636,Donna Phillips,Active,1150521.6,70327586****2193,High
8260,Mark Cole,Dormant,9785500.77,56978212****6102,Low
6698,Cameron Rodgers,Dormant,7974580.07,94735363****5738,Medium
7108,John Freeman,Dormant,5870985.47,78477651****9327,High
6841,Luis Koch,Dormant,9674930.37,94801540****9632,Low
1555,Leslie Rivera,Dormant,5501682.8,14219891****6054,High
9355,Jane Briggs,Inactive,2836190.64,62207464****0748,Low
9334,Earl Burgess,Dormant,6185805.9,97498484****5920,High
5582,Kevin Blackwell,Dormant,8249059.44,31841818****1996,High
4444,Mrs. Mary Schneider,Active,8991679.87,56530041****5909,Medium
7510,David Price,Active,7897015.45,70835394****1485,Medium
2184,Jeremy Martinez,Active,1589718.34,76151593****6949,High
9336,Douglas Short,Dormant,2274403.58,75559757****5446,Low
2374,Trevor Best,Active,8608933.4,54015828****3086,Low
4868,Robert Williams,Dormant,4498930.83,34645682****5636,High
9358,John Taylor,Dormant,4341521.51,82690003****7788,High
7337,William Luna,Dormant,9708334.06,94005744****4824,Low
3373,Samuel Everett,Dormant,480752.93,61582481****9486,Low
1018,Timothy Owens,Inactive,2915689.56,92907965****0306,Medium
9222,Alicia Miller,Active,5446055.64,81797911****4796,Low
1710,Bailey Le,Dormant,9317477.84,87225820****5704,High
2016,Timothy Johnson,Dormant,5208429.4,76789997****9183,High
5165,Tonya Gray,Active,2342411.18,16538604****9192,High
2850,John Crawford,Dormant,3090217.56,47654937****8798,Medium
9082,William Lucas,Dormant,3285205.28,25539537****5288,High
1780,William Rodriguez,Dormant,9026960.44,94051190****1756,High
1330,Michelle French,Inactive,395920.52,59562843****6653,Medium
7377,Amy Lopez,Active,6852363.71,58612405****7984,Medium
7605,Sherry Lopez,Active,7011435.24,75495059****7523,Medium
7845,Angela Hicks,Active,2578239.65,19569257****2723,Medium
2256,Anthony Anderson,Inactive,2634204.7,99332133****2376,Medium
6350,Joshua Baird,Dormant,6273678.34,48996071****5814,Medium
9573,Jennifer Buchanan,Active,8412557.52,59446100****0306,Medium
7080,Gary Dawson,Inactive,1770493.28,80858485****6005,High
5996,Rebecca Shields,Dormant,7321024.35,64666836****5516,High
5123,Tyler Gilmore,Active,7162356.85,90963358****4164,Medium
8141,Ryan Curry,Inactive,2806268.31,57223846****7479,High
5963,Jamie Rhodes,Inactive,1154007.69,98123049****2276,Low
9412,John Jones,Inactive,6090351.91,15236805****2286,Medium
2711,Thomas Edwards,Dormant,1857085.72,67786934****5871,Medium
4753,Patricia Parker,Inactive,2338200.89,85579221****5837,High
2351,Zachary Scott,Inactive,7259307.78,54052353****0892,Medium
8086,David Cardenas,Inactive,8056535.58,21437285****1898,High
2542,James Bradley,Inactive,5709431.42,45984221****9224,Low
1346,Jennifer Lambert,Active,7822284.52,86982638****3082,Low
4500,Michael Johns,Active,987369.07,31490466****9646,High
3756,Ethan Morales,Inactive,1070956.44,17502127****8386,Medium
3468,Bethany Edwards,Dormant,9720579.92,92982893****4594,High
3796,Samantha Rice,Dormant,2170684.67,61787037****4662,Low
7210,Melanie Lambert,Active,6305523.59,57277974****0376,High
6858,Susan Robinson,Inactive,2415466.06,21073107****5708,Low
2876,Kenneth Salazar,Dormant,2978854.89,54244410****7088,High
2301,Elizabeth Anderson,Dormant,8725449.25,18433994****8090,Low
1160,Craig Nolan,Dormant,2096575.31,91838486****5440,Low
4170,Brian Brown,Inactive,1754554.66,11629358****5399,High
1039,Peter Brown,Active,7615752.14,76475217****1058,Medium
3953,James Lynch,Dormant,3627384.34,65972960****3592,High
8851,Rachel Ortiz,Dormant,3236120.06,13426532****3267,High
1398,Connor Hendrix,Dormant,1767031.37,89207079****7655,Medium
1973,Mary Rocha,Dormant,7565277.83,59365758****7109,Low
3615,Alvin Scott,Dormant,3919785.9,95551818****5750,Low
9194,Alexander Stevens,Active,2249546.85,52928387****2892,Low
2182,Tiffany Davis,Inactive,6486989.35,91786696****7548,Medium
9080,Michael Bell,Dormant,8448128.08,30203909****7318,High
3377,Keith Arroyo,Inactive,2500287.46,90606415****5662,Medium
5012,Luke Benitez,Inactive,7017380.1,43120385****1749,Medium
1477,Randy Davis,Inactive,8438075.45,86193147****6062,High
2958,Joanna King,Dormant,5186951.05,27018592****2901,Low
9655,Emily Silva,Active,9828944.38,65337369****0035,Medium
4320,Stephanie Sparks,Dormant,628256.73,64844180****3941,High
2211,Wendy Molina,Active,3790629.51,17697139****0802,Low
4781,Mercedes Herrera MD,Active,9400516.28,76202916****0132,Medium
2687,Kimberly English,Active,3752923.36,77594439****9067,High
4493,Joan Lozano,Inactive,9879336.12,94303968****5320,High
4126,George Lawrence,Inactive,7883622.3,49571809****3944,Medium
1002,Daniel Phillips,Dormant,8512578.79,52571237****8486,Low
7244,Victoria Thompson,Active,1900042.19,40639105****6008,High
4451,Emily Dean,Inactive,8961086.67,10918832****8538,Low
2072,Kimberly Smith,Inactive,3161453.0,53451333****1936,High
4457,Marcus Sosa,Inactive,6514038.4,13425165****5133,Low
9137,Danielle Simpson,Dormant,9368147.82,13334495****7781,Medium
8042,Diane Huynh,Active,7342009.34,69245436****0554,High
3108,Christina Roberts,Active,329531.68,60762081****4321,High
8746,Edward Mckinney,Active,258400.2,22504548****7856,Low
6134,Kayla Oconnell,Dormant,2319235.65,73527730****1665,High
5531,Troy Glover,Active,5560123.03,18497900****7826,High
4066,Matthew Chapman,Inactive,5163995.1,46029292****4494,Low
2157,Danielle Graves,Dormant,3999748.91,15169363****6624,Medium
1549,Andrea Burns,Dormant,9213001.87,74147634****6409,High
6623,Jesse Ross,Inactive,795130.72,13955186****8888,High
3020,Mark Pearson,Dormant,791413.82,58780601****4133,High
6545,Carl Flores,Inactive,2881252.17,70195074****4705,Medium
7430,Michelle Silva,Dormant,8010465.35,95801080****0616,Low
9781,Richard Blankenship,Active,5903590.54,88420268****5636,Low
6863,Emma Miles,Inactive,9259636.39,10711873****1569,Medium
8983,Michelle Navarro,Inactive,8518580.69,48872296****4372,Medium
6720,Joan Barnes,Inactive,2487973.16,80913238****0069,Low
6750,Elijah Barry,Dormant,8533212.29,96016050****9316,Low
2486,Samuel Sheppard,Inactive,3135819.01,65403409****7279,Medium
1132,Alexander Williams,Inactive,3415087.91,52432842****7773,Medium
9276,Megan Moore,Inactive,2822708.18,80127667****1944,Low
4850,Bryce Smith,Dormant,8445091.33,74080597****3870,High
7413,Christine Barnes,Dormant,6742919.43,78611347****0318,High
6547,Joseph Harris,Dormant,2653148.5,84925416****2025,Low
3843,Monica Smith,Dormant,9857458.25,75381299****7020,Low
6951,William Gibson,Inactive,1344639.57,31942076****8547,Low
7065,Colleen Cannon,Active,3771610.5,48607004****1404,Low
6179,Christopher Acevedo,Active,1521427.57,49219738****9009,Low
9808,Zachary Hudson,Active,1105377.91,53469906****4155,Medium
8075,Debra Garza,Active,7777040.01,48460023****1039,Medium
3388,Jennifer Hudson,Active,8829565.02,47402318****3458,Medium
4000,Charles Richardson,Inactive,4360981.36,92878890****9410,Low
5179,Olivia Mcclain,Active,9806739.14,76118010****1565,Medium
9418,Luis Miller,Active,8052545.15,76589294****6913,Medium
9902,Richard Gibson,Dormant,1056500.71,90435757****4144,Low
8331,Jesus Morgan,Dormant,5604541.06,80944548****2732,Low
7189,Kristina Wolf,Inactive,659108.51,87657237****7396,High
7395,Lisa Cain,Dormant,7241254.97,37083839****2220,High
7110,Jessica Molina,Active,84990.84,46770192****8720,Medium
3586,Sharon Hall,Dormant,778515.61,81084411****3257,Medium
8586,Alexandra Leach,Active,8751781.09,62867167****6345,Low
8195,Katelyn Mitchell,Dormant,9090726.97,59181821****5750,Low
1038,Olivia Lucas,Dormant,7478807.21,49167399****9269,High
1432,Mrs. Vanessa Fisher MD,Active,3718391.88,28517376****9334,Medium
3408,Christine Kline,Dormant,958342.06,56951641****7827,High
7442,Joanna Figueroa,Active,3285983.55,84748929****2594,Low
7349,Colleen Wolf,Dormant,9299490.89,38198115****9114,High
6995,Tina Romero,Inactive,1639060.65,29012945****7416,High
2689,Cassandra Johnson,Dormant,6762018.66,43351290****2734,Low
6658,Patricia Allen,Inactive,2901375.33,47863863****6196,Medium
6019,Stephanie Parker,Inactive,1447681.86,62938232****1539,Low
3576,Gerald Rodriguez,Dormant,4393483.96,10845185****7004,Low
7852,Tony Wood,Active,4210132.93,47627450****3328,Medium
2506,Maria Avila,Active,7134566.27,61548432****6477,High
2023,Danny Dawson,Inactive,1511048.06,81206093****0134,High
6639,Ryan Cunningham,Dormant,841910.86,90678472****3972,High
4977,Nicole Gonzalez,Active,7671790.19,10868053****3270,Medium
6071,Antonio Andrews,Inactive,4417365.25,95499954****1164,High
8026,Kelly Ewing,Dormant,2505831.68,90537303****3384,Low
1622,Gary West,Inactive,9421724.02,41734762****1908,Medium
7278,Aaron Middleton,Inactive,5572642.93,46153294****0658,Low
8709,Lisa Ward,Dormant,2524127.84,57684149****2829,Medium
3785,Alexis Marshall,Dormant,2156479.44,82286601****5723,High
2573,Linda Garcia,Dormant,1941026.34,11977291****0962,High
4096,Amber Jenkins,Inactive,6494105.01,45411131****6661,Medium
7208,Rachel Daniels,Inactive,95699.79,65527873****4408,High
7232,Austin Brewer,Dormant,6013592.78,24143895****2736,Medium
6866,Christine Pena,Inactive,2823066.2,89943051****6315,Low
2524,Roberto Lopez,Active,958848.8,84374029****5331,Medium
3166,Dr. Stephanie Rose,Dormant,7006026.23,70444514****6031,Medium
8706,Lisa Howard PhD,Dormant,6509479.68,51916291****6545,High
3332,Peggy Garcia,Dormant,2811861.34,28850937****1333,High
5245,Richard Barton,Dormant,4944418.14,17520802****2237,Low
9546,Jennifer Taylor,Inactive,6395678.52,92705002****6344,High
8763,Gabriel Scott,Active,1050724.86,32997927****1205,High
5600,Bradley Graham,Active,9392960.01,64283475****6418,High
2328,David Thomas,Active,635732.16,58501921****9398,Medium
5772,Michelle Grant,Dormant,8627679.27,95424949****8020,Low
8414,Grace Guerrero,Active,2090496.35,18290056****1484,Medium
2347,Steven Henderson,Active,1691229.36,62786908****6695,High
7051,Samuel Chaney,Inactive,1461722.3,50751555****1630,Medium
1754,Christopher Garrett,Dormant,575222.13,87921709****4262,Low
8186,Daniel Valencia,Dormant,9714130.42,22492100****9064,Medium
8849,Stephanie Padilla,Dormant,5705218.25,19252472****4770,Medium
8681,Sandra Robertson,Active,4439202.26,22678716****8095,Low
4110,Kristina Smith,Inactive,6009495.52,46071496****2143,High
5449,Lisa Dougherty,Inactive,2608542.83,29283362****5118,Low
3996,John Dean,Active,6684056.44,13130397****7550,High
3595,Brooke Palmer,Active,4594341.93,60905969****2104,Medium
5800,Alan Burke,Active,2054073.94,78553007****7305,High
6907,Matthew Gomez,Inactive,1422657.96,32005029****1088,High
8565,Adam Garcia,Dormant,1546523.93,43717776****5263,High
1246,Emily Davies,Inactive,2332059.46,24365269****4236,Low
7318,Kathleen Byrd,Inactive,9421512.81,57797390****8117,High
3364,Ms. Elizabeth Mcdaniel PhD,Active,3309520.4,65325290****4448,High
7462,Kimberly Lewis,Inactive,1180712.59,44362710****6864,High
6425,Debbie Martinez,Inactive,2675295.69,36071347****8042,Low
3534,Brian Lewis,Dormant,5038481.01,37517729****3837,Low
1716,Gregory Hall,Active,9757565.19,13209387****2306,High
3876,William Miller,Dormant,4680291.81,42451136****0874,Medium
6932,Sharon Cook,Dormant,1061656.19,86007026****7272,Medium
3718,Lisa Smith,Dormant,5720696.76,87724895****9982,Medium
2006,Brian Murray DVM,Active,1427817.24,66651212****4091,Medium
8861,Jerry Johnson,Active,765931.59,43738139****8492,Medium
5086,Rebecca Mckinney,Dormant,3741063.1,12236693****2957,Low
4912,Sharon Freeman,Inactive,2260004.32,87372647****0893,Medium
2403,Stacy Smith,Active,2632248.28,22414664****1185,High
8269,Stacey Moore,Dormant,1780040.92,48762967****3124,High
1019,William Wang,Active,4842995.41,69420136****9025,Medium
5459,Andrea Fitzgerald,Inactive,6175897.09,54148408****9684,Low
3029,Mrs. Tammy Smith,Dormant,4024216.74,66748503****0199,Low
6222,Michael Garcia,Dormant,9754242.68,75621726****0352,Medium
1826,Keith Chase,Active,8587940.09,37849587****3041,Low
2621,Nathan Johnson,Dormant,4062599.43,64552510****0886,Low
6043,Anna Kirby,Active,8405294.5,96333005****2712,High
1210,Alicia Doyle,Active,3619056.2,39313232****5872,High
5392,Michael Silva,Active,8182747.82,61787534****9896,High
7647,Dr. Vanessa Gordon,Active,783081.25,29938998****8168,Low
2610,Bryan Trevino,Active,2167575.58,26122998****2338,High
7767,Gregory Browning,Dormant,950667.66,44539622****3856,Medium
7517,Danielle Long,Inactive,6258032.63,49112395****6996,Low
7575,Cindy Peterson,Dormant,3611101.43,99039284****5864,High
8675,John West,Active,5814025.05,69609000****3614,Medium
8062,Gina Horton,Inactive,4104975.58,58203601****3150,Medium
2607,Katherine Charles DDS,Dormant,4639891.12,63234802****2433,Low
2383,Denise Morris,Active,9643410.72,15406829****1903,Low
4531,Janet Mullen,Dormant,2255739.81,49521902****5396,High
5208,Brooke Keith,Active,815018.05,73856886****0328,High
